cluster_id	Amplitude	ContamPct	KSLabel	amp	ch	depth	fr	group	n_spikes	sh
0	3202.20000000	100.00000000	mua	62.75246429	3	40.00000000	0.05503643	mua	139	0
1	3042.20000000	100.00000000	good	68.82914734	3	40.00000000	5.53808996	good	13987	0
3	4016.30000000	100.00000000	mua	101.51584625	1	20.00000000	3.41700982	good	8630	0
4	3952.10000000	100.00000000	mua	104.21754456	1	20.00000000	2.92484954	good	7387	0
7	3129.50000000	100.00000000	mua	111.20319366	5	60.00000000	2.11157745	good	5333	0
8	4079.10000000	100.00000000	mua	107.24789429	0	20.00000000	3.46610706	good	8754	0
9	3832.90000000	100.00000000	mua	88.18682098	2	40.00000000	0.06097561	good	154	0
10	3979.60000000	100.00000000	good	107.34001923	3	40.00000000	1.28207159	good	3238	0
11	5118.70000000	100.00000000	mua	107.22025299	3	40.00000000	0.07245803	good	183	0
14	2196.80000000	100.00000000	good	83.23501587	3	40.00000000	4.35460881	good	10998	0
15	3523.60000000	100.00000000	mua	101.00945282	1	20.00000000	0.23637947	mua	597	0
16	3663.10000000	100.00000000	mua	96.22364044	1	20.00000000	0.07681343	mua	194	0
17	3139.90000000	100.00000000	mua	87.61563110	0	20.00000000	0.04909724	mua	124	0
18	4287.60000000	100.00000000	mua	138.83004761	0	20.00000000	0.73487488	good	1856	0
19	2923.20000000	100.00000000	mua	80.20341492	2	40.00000000	0.08473234	mua	214	0
20	2092.70000000	100.00000000	mua	78.84326935	2	40.00000000	24.30986696	good	61397	0
21	4585.90000000	100.00000000	good	99.56687927	6	80.00000000	2.87891986	good	7271	0
22	3926.80000000	100.00000000	good	96.70838928	3	40.00000000	12.71697814	mua	32118	0
23	3933.80000000	100.00000000	good	97.06806946	6	80.00000000	3.49857460	good	8836	0
24	1637.70000000	100.00000000	mua	56.61522293	9	100.00000000	55.27161863	good	139594	0
25	2683.50000000	100.00000000	mua	55.75585556	9	100.00000000	0.04474184	mua	113	0
26	2643.50000000	100.00000000	mua	63.52850342	9	100.00000000	0.06255939	mua	158	0
27	2639.40000000	100.00000000	mua	65.08500671	12	140.00000000	2.64610390	good	6683	0
28	2583.50000000	100.00000000	mua	72.43961334	8	100.00000000	3.12401014	good	7890	0
29	2376.90000000	100.00000000	mua	57.54688263	3	40.00000000	0.05028508	mua	127	0
30	2899.80000000	100.00000000	mua	69.84906769	9	100.00000000	0.07047830	mua	178	0
31	2715.50000000	100.00000000	good	79.91925812	9	100.00000000	2.97077922	good	7503	0
32	3607.80000000	100.00000000	mua	75.72296143	12	140.00000000	0.05186886	mua	131	0
34	2534.20000000	100.00000000	mua	78.34191132	13	140.00000000	2.60057016	good	6568	0
39	2268.60000000	100.00000000	mua	64.30444336	11	120.00000000	1.14982578	good	2904	0
43	2757.60000000	100.00000000	good	70.26388550	10	120.00000000	1.68435223	mua	4254	0
44	2603.60000000	100.00000000	mua	71.53495789	10	120.00000000	0.08710801	mua	220	0
45	1894.90000000	100.00000000	good	63.54109955	7	80.00000000	0.41574279	good	1050	0
46	1974.30000000	100.00000000	mua	57.93363190	10	120.00000000	0.18688628	mua	472	0
47	3035.40000000	100.00000000	mua	74.07793427	6	80.00000000	0.08829585	mua	223	0
48	2871.60000000	100.00000000	mua	73.78588104	10	120.00000000	0.07641748	mua	193	0
49	2140.40000000	100.00000000	mua	89.64175415	10	120.00000000	7.79775103	good	19694	0
52	1704.00000000	100.00000000	mua	67.64270020	8	100.00000000	0.39079823	good	987	0
53	1845.60000000	100.00000000	mua	71.37158203	11	120.00000000	0.21143491	good	534	0
54	2009.60000000	100.00000000	mua	54.18172455	11	120.00000000	0.05107697	mua	129	0
55	1350.50000000	100.00000000	mua	46.10065460	12	140.00000000	0.06255939	good	158	0
56	1516.10000000	100.00000000	mua	65.60226440	13	140.00000000	1.11339880	good	2812	0
57	4101.50000000	100.00000000	mua	79.34434509	12	140.00000000	0.04909724	mua	124	0
58	2507.00000000	100.00000000	mua	73.83407593	12	140.00000000	0.08077289	mua	204	0
59	1538.20000000	100.00000000	mua	65.28251648	10	120.00000000	0.68656953	good	1734	0
60	1829.20000000	100.00000000	mua	61.32560730	12	140.00000000	0.12155527	mua	307	0
61	1480.90000000	100.00000000	mua	53.60567474	9	100.00000000	3.04165347	mua	7682	0
62	2467.10000000	100.00000000	mua	61.31771851	9	100.00000000	0.05741210	mua	145	0
63	1506.70000000	100.00000000	mua	44.79731750	15	160.00000000	0.04355401	mua	110	0
64	2121.50000000	100.00000000	mua	66.99240112	8	100.00000000	0.04315806	mua	109	0
65	1501.10000000	100.00000000	mua	61.66652679	9	100.00000000	1.28840672	good	3254	0
68	5044.80000000	100.00000000	mua	71.56106567	12	140.00000000	0.15243902	mua	385	0
73	4341.00000000	100.00000000	mua	93.27026367	14	160.00000000	0.08987963	mua	227	0
74	5962.30000000	100.00000000	mua	112.50183105	14	160.00000000	0.15045930	mua	380	0
76	2371.30000000	100.00000000	mua	56.56502533	12	140.00000000	0.80733291	mua	2039	0
78	3572.80000000	100.00000000	mua	81.35979462	12	140.00000000	0.06295534	mua	159	0
85	2435.60000000	100.00000000	mua	81.50642395	13	140.00000000	0.83504910	good	2109	0
88	3350.80000000	100.00000000	mua	94.97134399	12	140.00000000	0.14491606	mua	366	0
89	3225.90000000	100.00000000	mua	91.70249939	12	140.00000000	0.34130504	mua	862	0
90	2664.70000000	100.00000000	mua	76.34651184	12	140.00000000	0.03999050	mua	101	0
94	3475.20000000	100.00000000	mua	100.97453308	15	160.00000000	0.05424454	mua	137	0
95	2765.70000000	100.00000000	mua	77.41921997	12	140.00000000	0.10096611	mua	255	0
96	2078.00000000	100.00000000	mua	65.79653931	16	180.00000000	0.08196072	mua	207	0
98	2062.30000000	100.00000000	mua	59.99962997	16	180.00000000	0.05305670	mua	134	0
99	2297.50000000	100.00000000	mua	71.80660248	16	180.00000000	0.04988914	mua	126	0
100	1605.30000000	100.00000000	mua	64.90343475	13	140.00000000	6.85698448	good	17318	0
101	2574.20000000	100.00000000	mua	68.94718933	12	140.00000000	0.07958505	good	201	0
103	2144.90000000	100.00000000	mua	69.26523590	10	120.00000000	0.34882800	good	881	0
104	3373.10000000	100.00000000	mua	156.00239563	17	180.00000000	0.95541653	good	2413	0
105	2400.40000000	100.00000000	mua	75.54230499	15	160.00000000	0.40267659	good	1017	0
106	2475.40000000	100.00000000	mua	72.29637146	14	160.00000000	0.04078239	mua	103	0
107	1584.30000000	100.00000000	mua	70.70021057	14	160.00000000	1.36284447	good	3442	0
108	2074.00000000	100.00000000	mua	57.64117432	10	120.00000000	0.17184035	good	434	0
109	2371.90000000	100.00000000	mua	72.79946136	13	140.00000000	0.11046880	mua	279	0
110	2109.10000000	100.00000000	mua	58.77685928	12	140.00000000	0.04513779	mua	114	0
111	1326.20000000	100.00000000	mua	46.77712250	10	120.00000000	0.06849857	mua	173	0
112	1689.10000000	100.00000000	mua	68.42154694	10	120.00000000	1.21080139	good	3058	0
117	4183.40000000	100.00000000	mua	110.40979004	19	200.00000000	0.09898638	good	250	0
118	4277.20000000	100.00000000	mua	140.75445557	19	200.00000000	2.35785556	good	5955	0
119	2401.50000000	100.00000000	good	70.17768860	22	240.00000000	0.53531834	good	1352	0
120	2797.50000000	100.00000000	mua	85.57315063	18	200.00000000	2.29490022	good	5796	0
121	2573.30000000	100.00000000	mua	76.33039856	18	200.00000000	1.43451061	good	3623	0
123	3137.70000000	100.00000000	mua	96.43321228	20	220.00000000	0.72537219	good	1832	0
125	2396.60000000	100.00000000	mua	104.86750793	18	200.00000000	1.90885334	good	4821	0
130	3000.30000000	100.00000000	mua	104.42300415	20	220.00000000	0.14214444	good	359	0
133	2968.60000000	100.00000000	mua	109.07322693	20	220.00000000	0.10809313	mua	273	0
134	1910.00000000	100.00000000	mua	66.74124146	20	220.00000000	0.04474184	mua	113	0
136	4517.70000000	100.00000000	mua	129.67008972	24	260.00000000	0.05226481	mua	132	0
137	3125.10000000	100.00000000	good	146.36376953	24	260.00000000	39.91962306	good	100821	0
138	5466.00000000	100.00000000	good	101.56259155	22	240.00000000	1.77898321	good	4493	0
139	5444.70000000	100.00000000	good	97.01510620	23	240.00000000	2.18561926	good	5520	0
140	2938.60000000	100.00000000	mua	94.08506012	20	220.00000000	0.56105480	good	1417	0
141	4493.10000000	100.00000000	mua	103.41001892	21	220.00000000	0.09661071	good	244	0
143	5408.60000000	100.00000000	mua	121.69032288	22	240.00000000	0.39911308	good	1008	0
144	2675.00000000	100.00000000	mua	83.56683350	20	220.00000000	1.76908457	good	4468	0
145	3015.50000000	100.00000000	mua	83.64735413	22	240.00000000	0.12076338	good	305	0
148	3526.60000000	100.00000000	mua	114.30796051	25	260.00000000	0.90711118	good	2291	0
150	2099.00000000	100.00000000	good	72.13153839	22	240.00000000	0.67944251	good	1716	0
153	2837.50000000	100.00000000	good	104.68527985	22	240.00000000	0.48503326	good	1225	0
158	2260.90000000	100.00000000	mua	90.13432312	25	260.00000000	0.54600887	good	1379	0
161	2123.80000000	100.00000000	mua	69.39753723	22	240.00000000	0.18649034	mua	471	0
162	1206.60000000	100.00000000	mua	52.52975845	23	240.00000000	7.03476402	good	17767	0
165	2655.00000000	100.00000000	mua	72.26702118	22	240.00000000	0.05305670	good	134	0
167	3814.70000000	100.00000000	good	78.37089539	24	260.00000000	1.04371239	good	2636	0
169	3986.10000000	100.00000000	good	120.90808105	27	280.00000000	3.51243269	mua	8871	0
182	2066.90000000	100.00000000	mua	72.94676971	24	260.00000000	2.25490972	good	5695	0
183	3725.50000000	100.00000000	mua	91.46607208	26	280.00000000	0.04949319	mua	125	0
186	2730.00000000	100.00000000	good	151.68455505	26	280.00000000	4.04933481	good	10227	0
187	2951.10000000	100.00000000	good	102.93169403	27	280.00000000	0.70121951	good	1771	0
189	3491.90000000	100.00000000	mua	85.60450745	28	300.00000000	0.13145391	mua	332	0
190	1570.80000000	100.00000000	mua	63.87738037	26	280.00000000	18.77929997	mua	47429	0
191	2777.20000000	100.00000000	mua	91.30097961	30	320.00000000	0.37139690	good	938	0
199	2978.10000000	100.00000000	mua	69.41326904	33	340.00000000	0.30566994	good	772	0
206	1957.50000000	100.00000000	mua	64.51435852	32	340.00000000	0.22529300	mua	569	0
207	2488.60000000	100.00000000	mua	95.80718231	30	320.00000000	0.04988914	mua	126	0
214	1728.10000000	100.00000000	mua	65.85841370	31	320.00000000	0.16312955	good	412	0
218	1287.40000000	100.00000000	mua	48.07365417	30	320.00000000	0.07602154	good	192	0
219	1550.30000000	100.00000000	mua	66.07861328	33	340.00000000	0.06612290	mua	167	0
220	2474.30000000	100.00000000	mua	85.43420410	31	320.00000000	0.04632563	mua	117	0
222	1685.70000000	100.00000000	mua	71.29694366	30	320.00000000	1.24920811	mua	3155	0
225	5122.80000000	100.00000000	good	102.08201599	34	360.00000000	0.66162496	good	1671	0
227	2032.20000000	100.00000000	good	80.14148712	34	360.00000000	2.55147292	good	6444	0
228	3624.80000000	100.00000000	good	92.21994019	35	360.00000000	0.61609123	mua	1556	0
229	2398.90000000	100.00000000	good	85.35455322	34	360.00000000	0.42484954	good	1073	0
232	1506.50000000	100.00000000	mua	63.17935944	35	360.00000000	4.13406715	good	10441	0
233	2110.90000000	100.00000000	mua	65.03950500	34	360.00000000	0.58401964	good	1475	0
235	2625.90000000	100.00000000	good	88.41744232	32	340.00000000	0.27557808	mua	696	0
236	2186.40000000	100.00000000	mua	80.57527924	34	360.00000000	0.09304720	mua	235	0
237	1763.60000000	100.00000000	good	66.76638031	34	360.00000000	0.18015521	good	455	0
239	2236.70000000	100.00000000	mua	80.21968842	31	320.00000000	0.05384859	good	136	0
240	2127.60000000	100.00000000	good	83.36733246	34	360.00000000	0.10413367	mua	263	0
241	1797.40000000	100.00000000	mua	67.14196014	31	320.00000000	0.06612290	good	167	0
242	1267.50000000	100.00000000	mua	59.06598663	34	360.00000000	3.06699398	good	7746	0
243	2032.30000000	100.00000000	mua	74.54503632	31	320.00000000	0.05662021	mua	143	0
245	2297.00000000	100.00000000	mua	86.94606018	32	340.00000000	0.08592018	mua	217	0
247	2607.80000000	100.00000000	mua	125.45544434	32	340.00000000	2.28143807	good	5762	0
248	1909.00000000	100.00000000	good	79.07835388	34	360.00000000	0.44187520	good	1116	0
249	1994.40000000	100.00000000	mua	65.52826691	32	340.00000000	0.16312955	good	412	0
250	1957.80000000	100.00000000	mua	69.99163055	35	360.00000000	0.05939183	good	150	0
251	1680.00000000	100.00000000	mua	69.79872894	30	320.00000000	0.10928096	good	276	0
252	1957.10000000	100.00000000	mua	79.82740784	34	360.00000000	0.04157428	mua	105	0
254	2820.10000000	100.00000000	good	139.15716553	35	360.00000000	1.01876782	good	2573	0
255	1499.60000000	100.00000000	mua	66.95272827	34	360.00000000	0.11165664	mua	282	0
260	1785.70000000	100.00000000	mua	74.73585510	40	420.00000000	2.66748495	good	6737	0
262	2008.30000000	100.00000000	mua	70.95373535	36	380.00000000	0.18926196	good	478	0
264	2274.70000000	100.00000000	mua	86.25508118	37	400.00000000	0.14056066	mua	355	0
265	1801.70000000	100.00000000	mua	81.36589050	36	380.00000000	0.58362369	good	1474	0
266	1664.20000000	100.00000000	mua	65.07141876	38	400.00000000	0.05464048	mua	138	0
267	2095.80000000	100.00000000	good	89.93719482	37	400.00000000	0.49651568	good	1254	0
268	1849.90000000	100.00000000	mua	80.03503418	36	380.00000000	0.16550523	good	418	0
269	1317.60000000	100.00000000	mua	64.45220947	37	400.00000000	3.01274945	good	7609	0
270	2562.50000000	100.00000000	mua	98.46953583	39	420.00000000	0.06691479	mua	169	0
272	2344.10000000	100.00000000	good	97.69437408	39	420.00000000	0.36308204	mua	917	0
273	2313.40000000	100.00000000	mua	95.48857880	39	420.00000000	0.09463098	mua	239	0
274	1863.30000000	100.00000000	mua	84.42029572	39	420.00000000	0.05859994	mua	148	0
275	2703.70000000	100.00000000	mua	139.53112793	40	420.00000000	0.14254039	good	360	0
276	2467.10000000	100.00000000	good	128.10293579	39	420.00000000	0.35080773	mua	886	0
278	2768.90000000	100.00000000	mua	82.90837097	43	460.00000000	1.41431739	mua	3572	0
279	2879.80000000	100.00000000	mua	73.89554596	42	440.00000000	0.06295534	mua	159	0
280	1981.30000000	100.00000000	good	55.90971375	42	440.00000000	0.56580615	mua	1429	0
281	2881.70000000	100.00000000	mua	104.70758820	41	440.00000000	2.19710168	good	5549	0
282	4584.20000000	100.00000000	good	112.35348511	41	440.00000000	0.72260057	good	1825	0
286	2846.70000000	100.00000000	mua	86.83648682	43	460.00000000	0.44702249	good	1129	0
287	2619.10000000	100.00000000	mua	97.09071350	41	440.00000000	2.40695280	good	6079	0
288	2188.10000000	100.00000000	good	75.22505951	41	440.00000000	0.14649984	mua	370	0
290	1713.50000000	100.00000000	good	76.80656433	41	440.00000000	2.30915426	good	5832	0
291	1701.30000000	100.00000000	good	76.94474792	41	440.00000000	1.48875515	good	3760	0
292	1853.40000000	100.00000000	mua	85.50093079	41	440.00000000	1.57309154	good	3973	0
294	3045.30000000	100.00000000	mua	89.10134888	43	460.00000000	0.12036744	mua	304	0
298	1803.60000000	100.00000000	mua	71.78215027	44	460.00000000	0.85959772	good	2171	0
300	1548.80000000	100.00000000	mua	68.25177002	41	440.00000000	0.15125119	mua	382	0
302	1434.40000000	100.00000000	mua	63.05821991	41	440.00000000	0.08314856	good	210	0
304	2400.70000000	100.00000000	mua	82.82145691	41	440.00000000	0.05068103	mua	128	0
305	2010.20000000	100.00000000	mua	75.52562714	43	460.00000000	0.22172949	mua	560	0
307	1718.20000000	100.00000000	mua	53.27487183	44	460.00000000	0.05899588	mua	149	0
309	1559.40000000	100.00000000	mua	80.64266968	44	460.00000000	1.49786189	good	3783	0
314	1726.10000000	100.00000000	mua	67.72096252	44	460.00000000	0.04988914	mua	126	0
316	1150.10000000	100.00000000	good	51.08356476	40	420.00000000	0.17936332	good	453	0
317	3016.20000000	100.00000000	mua	139.43696594	42	440.00000000	0.24231866	mua	612	0
318	2963.80000000	100.00000000	mua	120.74275970	44	460.00000000	0.04078239	mua	103	0
319	2700.10000000	100.00000000	mua	130.78952026	44	460.00000000	0.05622426	mua	142	0
320	2775.80000000	100.00000000	mua	124.06793213	44	460.00000000	0.05186886	mua	131	0
321	1762.30000000	100.00000000	mua	85.73730469	40	420.00000000	0.68815331	good	1738	0
323	4761.40000000	100.00000000	good	111.17689514	48	500.00000000	1.95399113	good	4935	0
324	3605.30000000	100.00000000	good	88.82972717	44	460.00000000	2.67777954	good	6763	0
326	2878.90000000	100.00000000	mua	92.45436859	44	460.00000000	2.62155527	good	6621	0
327	3300.20000000	100.00000000	good	72.49585724	43	460.00000000	1.15299335	good	2912	0
328	3265.50000000	100.00000000	good	82.29252625	45	480.00000000	2.61403231	mua	6602	0
329	3801.50000000	100.00000000	good	89.46342468	45	480.00000000	1.06509344	good	2690	0
334	3539.90000000	100.00000000	good	83.64665222	43	460.00000000	0.57055749	mua	1441	0
341	2944.70000000	100.00000000	mua	84.89469910	43	460.00000000	0.43989547	good	1111	0
348	2644.40000000	100.00000000	good	93.17123413	45	480.00000000	0.75744378	good	1913	0
351	1882.80000000	100.00000000	mua	73.94589996	44	460.00000000	1.89539119	good	4787	0
360	1804.20000000	100.00000000	good	72.17816925	44	460.00000000	0.56857776	mua	1436	0
361	1836.40000000	100.00000000	mua	73.16987610	43	460.00000000	0.85761799	mua	2166	0
366	2014.90000000	100.00000000	mua	82.75973511	45	480.00000000	0.27439024	mua	693	0
369	1593.90000000	100.00000000	mua	71.73309326	43	460.00000000	0.46404815	mua	1172	0
371	2928.40000000	100.00000000	mua	84.69095612	46	480.00000000	0.06572696	mua	166	0
374	1653.80000000	100.00000000	mua	73.23538208	44	460.00000000	0.10373773	mua	262	0
375	2237.70000000	100.00000000	good	89.77435303	43	460.00000000	0.35001584	mua	884	0
376	2729.60000000	100.00000000	mua	91.24276733	45	480.00000000	0.06572696	mua	166	0
377	1750.90000000	100.00000000	mua	79.69595337	45	480.00000000	0.33972125	good	858	0
382	1718.10000000	100.00000000	mua	73.27480316	44	460.00000000	0.13462148	mua	340	0
385	1318.50000000	100.00000000	mua	53.69710159	45	480.00000000	0.17579981	mua	444	0
388	1345.50000000	100.00000000	mua	59.09164429	45	480.00000000	0.17025657	mua	430	0
389	1883.90000000	100.00000000	mua	68.25111389	48	500.00000000	0.13897688	mua	351	0
391	1881.60000000	100.00000000	mua	57.65363312	45	480.00000000	0.05859994	mua	148	0
393	3550.80000000	100.00000000	mua	147.99234009	48	500.00000000	0.12789040	mua	323	0
394	1777.80000000	100.00000000	mua	71.52952576	43	460.00000000	0.09661071	mua	244	0
395	3337.90000000	100.00000000	mua	102.47534180	46	480.00000000	0.09106747	mua	230	0
396	1530.00000000	100.00000000	mua	79.45933533	48	500.00000000	0.86316123	good	2180	0
399	2452.70000000	100.00000000	mua	88.05937958	44	460.00000000	0.03999050	mua	101	0
400	1504.70000000	100.00000000	mua	64.91075134	47	500.00000000	0.08552423	good	216	0
401	1626.10000000	100.00000000	mua	83.61328125	44	460.00000000	0.83346532	good	2105	0
402	1801.40000000	100.00000000	mua	75.24122620	43	460.00000000	0.07839721	mua	198	0
404	1363.20000000	100.00000000	mua	60.55736542	44	460.00000000	0.16352550	mua	413	0
405	1796.00000000	100.00000000	mua	72.85195923	44	460.00000000	0.09225531	mua	233	0
406	1748.60000000	100.00000000	mua	71.50479126	43	460.00000000	0.08473234	mua	214	0
407	1240.30000000	100.00000000	mua	56.19929504	45	480.00000000	0.07285398	mua	184	0
408	1155.70000000	100.00000000	mua	49.38972473	47	500.00000000	0.12472284	mua	315	0
409	1173.50000000	100.00000000	mua	53.36305618	46	480.00000000	0.20153627	mua	509	0
410	2890.20000000	100.00000000	mua	131.34646606	44	460.00000000	0.04830535	mua	122	0
411	2988.20000000	100.00000000	mua	146.68797302	44	460.00000000	0.05662021	mua	143	0
412	1125.20000000	100.00000000	mua	54.16071701	46	480.00000000	0.18055116	mua	456	0
413	1993.10000000	100.00000000	mua	92.27080536	48	500.00000000	0.10294583	mua	260	0
414	4114.90000000	100.00000000	good	73.32891846	51	540.00000000	2.33251505	good	5891	0
415	3649.60000000	100.00000000	good	90.70975494	50	520.00000000	2.19195439	good	5536	0
426	4276.70000000	100.00000000	good	107.78227997	49	520.00000000	0.41059550	mua	1037	0
428	3857.10000000	100.00000000	good	78.83863831	49	520.00000000	0.53413050	good	1349	0
430	2230.00000000	100.00000000	mua	65.93818665	45	480.00000000	0.19361736	mua	489	0
434	3265.50000000	100.00000000	mua	82.67301178	51	540.00000000	0.04790941	mua	121	0
437	2321.00000000	100.00000000	mua	71.34729004	50	520.00000000	0.05503643	mua	139	0
439	3028.70000000	100.00000000	mua	71.00453186	48	500.00000000	0.08948369	mua	226	0
440	1476.30000000	100.00000000	mua	69.82488251	48	500.00000000	3.83354450	good	9682	0
447	1651.70000000	100.00000000	mua	66.04139709	49	520.00000000	0.36506177	mua	922	0
449	4535.20000000	100.00000000	mua	104.55810547	49	520.00000000	0.05662021	mua	143	0
451	1517.50000000	100.00000000	mua	67.27715302	49	520.00000000	0.38327526	mua	968	0
453	1574.10000000	100.00000000	mua	60.92301178	49	520.00000000	0.07522965	mua	190	0
454	3060.80000000	100.00000000	mua	105.55860901	49	520.00000000	0.07245803	mua	183	0
455	1593.20000000	100.00000000	mua	79.87592316	49	520.00000000	5.47751029	good	13834	0
456	1699.80000000	100.00000000	mua	85.60443115	49	520.00000000	1.46301869	good	3695	0
458	4922.60000000	100.00000000	good	104.46910095	56	580.00000000	0.94235033	good	2380	0
461	2629.70000000	100.00000000	mua	85.30086517	53	560.00000000	0.04315806	mua	109	0
464	1511.90000000	100.00000000	mua	65.99809265	51	540.00000000	1.41154577	good	3565	0
467	1433.70000000	100.00000000	good	67.71630859	53	560.00000000	0.98352867	good	2484	0
468	2091.30000000	100.00000000	good	89.89700317	52	540.00000000	1.03460564	good	2613	0
469	3080.60000000	100.00000000	mua	82.05017090	55	580.00000000	0.06255939	mua	158	0
471	2085.70000000	100.00000000	mua	69.25506592	55	580.00000000	0.07641748	mua	193	0
472	1157.70000000	100.00000000	mua	61.18925476	56	580.00000000	4.94377574	good	12486	0
473	1569.00000000	100.00000000	mua	79.54769135	53	560.00000000	1.99477352	good	5038	0
475	2241.50000000	100.00000000	good	79.03172302	57	600.00000000	3.85769718	good	9743	0
478	3243.40000000	100.00000000	mua	78.85928345	58	600.00000000	0.07364587	mua	186	0
480	2369.20000000	100.00000000	mua	80.08879852	60	620.00000000	1.74572379	good	4409	0
482	2295.90000000	100.00000000	good	77.53944397	58	600.00000000	1.75760215	good	4439	0
488	2121.10000000	100.00000000	good	72.37779236	55	580.00000000	0.91542604	good	2312	0
491	1780.00000000	100.00000000	mua	60.59986115	58	600.00000000	0.12907824	mua	326	0
492	1448.30000000	100.00000000	good	60.51932526	59	620.00000000	1.29592968	good	3273	0
494	2634.10000000	100.00000000	mua	72.36200714	58	600.00000000	0.07839721	mua	198	0
496	2695.10000000	100.00000000	mua	126.11128235	57	600.00000000	0.07404181	mua	187	0
501	3003.40000000	100.00000000	mua	92.72776794	57	600.00000000	0.04315806	mua	109	0
502	2018.90000000	100.00000000	mua	96.97741699	57	600.00000000	2.37092176	good	5988	0
503	3228.50000000	100.00000000	good	160.67190552	57	600.00000000	3.76425404	good	9507	0
504	1830.10000000	100.00000000	mua	64.09362793	55	580.00000000	0.04394995	mua	111	0
505	1381.70000000	100.00000000	mua	66.09081268	57	600.00000000	3.38889769	mua	8559	0
510	1752.80000000	100.00000000	mua	62.31484985	58	600.00000000	0.10730124	mua	271	0
512	1220.80000000	100.00000000	mua	60.91216278	60	620.00000000	1.24485271	good	3144	0
513	1438.70000000	100.00000000	mua	61.82782364	60	620.00000000	0.32586316	mua	823	0
514	1749.30000000	100.00000000	mua	76.10285187	57	600.00000000	0.04434590	mua	112	0
523	2846.10000000	100.00000000	mua	81.39382172	64	660.00000000	1.72038328	good	4345	0
524	3605.00000000	100.00000000	good	100.28607178	61	640.00000000	3.09787773	good	7824	0
529	2827.90000000	100.00000000	good	100.62682343	60	620.00000000	2.78508077	good	7034	0
531	2656.60000000	100.00000000	mua	87.99821472	61	640.00000000	0.92888818	mua	2346	0
535	2574.90000000	100.00000000	good	86.86416626	62	640.00000000	2.03515996	good	5140	0
537	2222.00000000	100.00000000	mua	78.65719604	61	640.00000000	1.15734875	good	2923	0
538	2898.80000000	100.00000000	mua	88.38051605	62	640.00000000	0.23321191	mua	589	0
539	2675.20000000	100.00000000	good	81.43685150	60	620.00000000	0.19440925	mua	491	0
544	1868.40000000	100.00000000	mua	82.03598022	60	620.00000000	0.09977827	mua	252	0
545	1688.50000000	100.00000000	mua	84.02497864	60	620.00000000	4.98178651	good	12582	0
546	2496.60000000	100.00000000	good	89.27258301	64	660.00000000	0.21697814	mua	548	0
548	3171.50000000	100.00000000	mua	91.49051666	62	640.00000000	0.50205892	good	1268	0
549	2584.70000000	100.00000000	mua	93.35900879	62	640.00000000	0.10175800	mua	257	0
551	2521.50000000	100.00000000	mua	89.66886902	61	640.00000000	0.08671207	mua	219	0
552	1959.90000000	100.00000000	mua	93.74027252	61	640.00000000	1.94211277	mua	4905	0
553	1734.20000000	100.00000000	mua	83.35400391	64	660.00000000	0.14649984	mua	370	0
554	1999.80000000	100.00000000	mua	70.09497070	62	640.00000000	0.05186886	mua	131	0
558	2025.30000000	100.00000000	mua	73.92578125	62	640.00000000	0.05859994	mua	148	0
559	1798.10000000	100.00000000	mua	84.00106812	62	640.00000000	0.07522965	good	190	0
560	1521.10000000	100.00000000	mua	76.29557037	61	640.00000000	1.76076972	good	4447	0
561	2876.00000000	100.00000000	mua	106.38316345	62	640.00000000	0.04790941	mua	121	0
562	2119.50000000	100.00000000	mua	86.06306458	61	640.00000000	0.06216345	mua	157	0
563	1470.30000000	100.00000000	mua	65.62285614	60	620.00000000	0.08552423	mua	216	0
567	1725.70000000	100.00000000	mua	74.26367950	64	660.00000000	1.90053849	good	4800	0
568	1294.80000000	100.00000000	mua	55.31154633	65	680.00000000	0.17857143	good	451	0
569	1238.90000000	100.00000000	mua	51.12779999	63	660.00000000	0.04038644	mua	102	0
570	1353.80000000	100.00000000	mua	69.33410645	65	680.00000000	11.39887551	good	28789	0
571	1260.90000000	100.00000000	mua	63.19788361	72	740.00000000	0.04038644	mua	102	0
572	1677.60000000	100.00000000	mua	95.41556549	72	740.00000000	1.88945201	good	4772	0
573	839.30000000	100.00000000	mua	43.63176346	70	720.00000000	2.22758948	good	5626	0
574	2761.50000000	100.00000000	good	141.80683899	69	720.00000000	0.22806462	good	576	0
575	1560.20000000	100.00000000	mua	89.77733612	72	740.00000000	0.88929363	good	2246	0
576	1610.30000000	100.00000000	good	52.06515121	81	840.00000000	1.14507444	mua	2892	0
579	1112.90000000	100.00000000	mua	50.86682129	74	780.00000000	5.71626544	good	14437	0
580	1599.10000000	100.00000000	mua	91.10115051	72	740.00000000	1.01837187	good	2572	0
581	3249.60000000	100.00000000	good	89.96365356	78	820.00000000	8.27011403	mua	20887	0
582	2424.90000000	100.00000000	mua	74.67016602	78	820.00000000	0.09185936	mua	232	0
583	1389.40000000	100.00000000	mua	48.15402985	81	840.00000000	0.06176750	mua	156	0
584	1704.60000000	100.00000000	mua	52.30239105	78	820.00000000	0.04988914	mua	126	0
585	1605.40000000	100.00000000	mua	70.17779541	80	840.00000000	1.95557491	mua	4939	0
587	3326.90000000	100.00000000	mua	87.25944519	76	800.00000000	0.04236617	mua	107	0
588	3041.40000000	100.00000000	good	88.70353699	78	820.00000000	0.11482420	mua	290	0
589	2224.20000000	100.00000000	good	68.51329041	80	840.00000000	0.22093760	good	558	0
590	2976.10000000	100.00000000	good	77.98586273	76	800.00000000	0.06335128	mua	160	0
591	2241.70000000	100.00000000	good	77.31456757	76	800.00000000	0.66558442	good	1681	0
593	1416.00000000	100.00000000	mua	60.61128616	76	800.00000000	4.83687045	good	12216	0
595	1991.50000000	100.00000000	good	59.16830444	86	900.00000000	1.11656636	mua	2820	0
596	6260.00000000	100.00000000	good	107.26108551	82	860.00000000	0.04394995	mua	111	0
599	3699.20000000	100.00000000	good	84.32870483	79	820.00000000	0.29973076	mua	757	0
600	4537.90000000	100.00000000	good	75.80751038	80	840.00000000	0.07127019	mua	180	0
603	3452.50000000	100.00000000	good	73.72509003	82	860.00000000	0.22252138	mua	562	0
606	2747.60000000	100.00000000	good	68.34498596	82	860.00000000	0.13620526	mua	344	0
607	1715.50000000	100.00000000	good	62.16098785	83	860.00000000	0.39317390	mua	993	0
608	1635.20000000	100.00000000	good	50.95942688	86	900.00000000	0.18847007	mua	476	0
609	2354.60000000	100.00000000	mua	74.61618042	81	840.00000000	0.04038644	mua	102	0
610	1328.20000000	100.00000000	good	48.25846863	81	840.00000000	0.56501425	good	1427	0
612	1869.10000000	100.00000000	good	57.42198181	85	880.00000000	1.16091226	good	2932	0
616	2369.30000000	100.00000000	good	83.03182983	80	840.00000000	1.38462148	mua	3497	0
617	2426.50000000	100.00000000	good	85.04556274	81	840.00000000	0.41653468	mua	1052	0
618	3813.00000000	100.00000000	mua	98.97440338	81	840.00000000	0.04513779	mua	114	0
619	3599.40000000	100.00000000	good	84.51625061	82	860.00000000	0.12195122	mua	308	0
620	2136.20000000	100.00000000	good	64.54726410	86	900.00000000	0.19203358	good	485	0
621	2276.70000000	100.00000000	good	82.63803101	83	860.00000000	0.23439975	mua	592	0
622	2535.70000000	100.00000000	mua	84.32629395	80	840.00000000	0.12393095	mua	313	0
623	2656.90000000	100.00000000	good	74.13185120	84	880.00000000	0.07127019	mua	180	0
624	3142.60000000	100.00000000	good	86.30461884	81	840.00000000	0.15085524	mua	381	0
625	3980.30000000	100.00000000	good	107.88890839	82	860.00000000	0.05464048	mua	138	0
626	2442.60000000	100.00000000	mua	99.08721161	80	840.00000000	5.08354450	mua	12839	0
627	3560.00000000	100.00000000	good	88.04550171	84	880.00000000	0.17500792	mua	442	0
628	1959.00000000	100.00000000	good	58.71655273	87	900.00000000	4.78222997	mua	12078	0
631	2530.70000000	100.00000000	good	79.61527252	83	860.00000000	2.52534051	mua	6378	0
632	2531.20000000	100.00000000	mua	61.70655060	85	880.00000000	0.05899588	mua	149	0
633	2073.90000000	100.00000000	good	59.79665375	85	880.00000000	3.16202091	mua	7986	0
634	5018.40000000	100.00000000	good	92.86621857	82	860.00000000	0.09740260	mua	246	0
635	2544.20000000	100.00000000	good	76.72859955	84	880.00000000	0.17223630	good	435	0
636	4083.90000000	100.00000000	mua	99.57160187	85	880.00000000	0.06810263	mua	172	0
637	2548.70000000	100.00000000	good	73.82595825	84	880.00000000	0.10136205	mua	256	0
639	4196.40000000	100.00000000	good	99.84825897	85	880.00000000	0.04711752	mua	119	0
640	3722.50000000	100.00000000	good	92.51106262	84	880.00000000	0.07285398	mua	184	0
641	3396.90000000	100.00000000	good	99.16180420	84	880.00000000	0.08631612	mua	218	0
643	2969.60000000	100.00000000	good	70.01834869	87	900.00000000	0.09581882	good	242	0
645	1527.20000000	100.00000000	good	60.82733917	83	860.00000000	1.72275895	mua	4351	0
646	2563.60000000	100.00000000	good	67.29748535	81	840.00000000	0.04355401	mua	110	0
648	1235.30000000	100.00000000	good	48.79416656	85	880.00000000	0.87701932	good	2215	0
649	2441.20000000	100.00000000	good	81.94374847	87	900.00000000	0.11165664	mua	282	0
650	1989.40000000	100.00000000	mua	81.82160950	83	860.00000000	10.57926829	mua	26719	0
651	3579.60000000	100.00000000	good	87.75814819	91	940.00000000	5.13382959	mua	12966	0
652	2552.90000000	100.00000000	good	76.28553772	87	900.00000000	3.14182768	mua	7935	0
654	2778.00000000	100.00000000	good	85.06839752	88	920.00000000	0.43356034	mua	1095	0
657	1175.50000000	100.00000000	mua	54.89520264	89	920.00000000	9.67176117	good	24427	0
659	3463.90000000	100.00000000	mua	89.91683960	84	880.00000000	0.04553373	mua	115	0
660	3121.30000000	100.00000000	mua	90.47543335	84	880.00000000	0.04078239	mua	103	0
666	1288.40000000	100.00000000	good	50.10195923	93	960.00000000	0.05899588	mua	149	0
669	3117.40000000	100.00000000	good	93.81970215	87	900.00000000	0.24509028	good	619	0
671	4149.00000000	100.00000000	mua	110.92942810	87	900.00000000	0.04276212	mua	108	0
672	2374.80000000	100.00000000	good	97.15557098	87	900.00000000	0.70795059	good	1788	0
679	2991.00000000	100.00000000	good	97.08804321	88	920.00000000	0.04394995	mua	111	0
680	1959.10000000	100.00000000	good	73.95230103	84	880.00000000	0.17382008	good	439	0
681	1253.20000000	100.00000000	mua	53.08322144	87	900.00000000	0.38723472	mua	978	0
682	1495.00000000	100.00000000	good	62.47566223	88	920.00000000	0.49414001	mua	1248	0
684	1527.70000000	100.00000000	mua	62.59114456	87	900.00000000	1.29315806	mua	3266	0
685	1169.20000000	100.00000000	mua	46.84545517	86	900.00000000	0.08869180	mua	224	0
686	3411.50000000	100.00000000	good	85.57128906	91	940.00000000	7.76924295	mua	19622	0
687	1962.90000000	100.00000000	good	79.01850891	92	960.00000000	26.49865379	mua	66925	0
688	4138.90000000	100.00000000	good	103.85145569	91	940.00000000	2.29252455	mua	5790	0
691	2100.50000000	100.00000000	good	82.54092407	95	980.00000000	5.66716820	mua	14313	0
692	1985.40000000	100.00000000	mua	81.70896912	91	940.00000000	2.07910991	mua	5251	0
693	3533.70000000	100.00000000	good	100.07928467	91	940.00000000	0.06849857	mua	173	0
694	2874.00000000	100.00000000	good	85.41632080	84	880.00000000	0.76021539	good	1920	0
695	1538.80000000	100.00000000	mua	66.63114166	92	960.00000000	2.99018055	mua	7552	0
696	2592.10000000	100.00000000	mua	75.09188843	84	880.00000000	0.17302819	mua	437	0
697	1117.60000000	100.00000000	mua	47.81804276	92	960.00000000	1.76235350	mua	4451	0
698	2094.50000000	100.00000000	good	84.90473175	91	940.00000000	1.18823250	mua	3001	0
699	2484.70000000	100.00000000	good	73.74585724	90	940.00000000	0.09819449	mua	248	0
700	2210.80000000	100.00000000	mua	84.76344299	90	940.00000000	0.05701615	mua	144	0
701	2289.70000000	100.00000000	good	102.46646118	90	940.00000000	2.21848274	good	5603	0
702	1075.10000000	100.00000000	mua	45.83687973	93	960.00000000	3.05828318	mua	7724	0
707	1622.40000000	100.00000000	mua	58.25302124	92	960.00000000	0.05701615	mua	144	0
708	1212.00000000	100.00000000	mua	53.61798096	97	1000.00000000	3.90521064	good	9863	0
709	1968.10000000	100.00000000	good	64.23287201	96	1000.00000000	0.04474184	mua	113	0
710	1841.70000000	100.00000000	good	69.16526794	96	1000.00000000	1.98804245	good	5021	0
711	1844.10000000	100.00000000	good	83.20804596	98	1020.00000000	1.56794425	good	3960	0
712	3158.20000000	100.00000000	good	164.29916382	100	1040.00000000	0.59154260	good	1494	0
715	1024.90000000	100.00000000	mua	46.86642456	101	1040.00000000	5.42089009	good	13691	0
716	2146.10000000	100.00000000	good	86.55782318	103	1060.00000000	1.04212860	mua	2632	0
717	1781.30000000	100.00000000	good	91.30070496	102	1060.00000000	1.05757048	good	2671	0
718	904.70000000	100.00000000	mua	44.92494965	105	1080.00000000	2.70312005	good	6827	0
719	1275.20000000	100.00000000	good	58.95591736	109	1120.00000000	1.40877415	good	3558	0
721	831.00000000	100.00000000	mua	41.76928711	109	1120.00000000	1.48439975	good	3749	0
722	918.40000000	100.00000000	mua	39.94844818	112	1160.00000000	0.20074438	mua	507	0
723	790.70000000	100.00000000	mua	40.64527893	112	1160.00000000	2.04347482	good	5161	0
724	831.60000000	100.00000000	mua	42.18297195	115	1200.00000000	2.97632246	good	7517	0
725	801.40000000	100.00000000	mua	40.16362762	119	1240.00000000	2.49564460	good	6303	0
726	753.30000000	100.00000000	mua	37.32203674	124	1280.00000000	5.10611340	good	12896	0
727	1584.80000000	100.00000000	good	83.62343597	121	1260.00000000	0.07641748	mua	193	0
728	1930.30000000	100.00000000	mua	104.77028656	121	1260.00000000	0.08829585	good	223	0
729	859.80000000	100.00000000	mua	42.09593201	130	1340.00000000	5.20034843	good	13134	0
730	1748.60000000	100.00000000	good	83.05428314	130	1340.00000000	2.23313272	good	5640	0
731	900.00000000	100.00000000	mua	43.87345886	130	1340.00000000	3.24675325	mua	8200	0
732	1198.80000000	100.00000000	mua	55.73822403	134	1380.00000000	2.62274311	good	6624	0
733	868.40000000	100.00000000	mua	38.53256226	140	1440.00000000	3.40473551	good	8599	0
734	1006.00000000	100.00000000	mua	41.98004150	144	1480.00000000	3.42690846	good	8655	0
735	1292.90000000	100.00000000	mua	55.39718628	149	1540.00000000	8.18458980	mua	20671	0
736	3026.10000000	100.00000000	good	87.86137390	149	1540.00000000	0.04672157	mua	118	0
737	2312.60000000	100.00000000	good	93.83655548	149	1540.00000000	0.80852075	mua	2042	0
738	2724.00000000	100.00000000	mua	120.39793396	149	1540.00000000	0.49176433	mua	1242	0
739	2674.50000000	100.00000000	good	72.95792389	149	1540.00000000	0.04434590	mua	112	0
740	2014.90000000	100.00000000	mua	78.72714996	149	1540.00000000	0.20826734	mua	526	0
741	1844.20000000	100.00000000	mua	93.92646790	149	1540.00000000	2.55662021	mua	6457	0
742	1270.60000000	100.00000000	mua	50.82417297	151	1560.00000000	8.25902756	good	20859	0
743	4829.70000000	100.00000000	good	118.08822632	153	1580.00000000	0.05384859	mua	136	0
744	1339.80000000	100.00000000	mua	51.39591980	154	1600.00000000	17.80883750	mua	44978	0
745	1982.00000000	100.00000000	mua	65.39669800	159	1640.00000000	26.06905290	mua	65840	0
746	2138.50000000	100.00000000	mua	72.80776215	162	1680.00000000	22.48297434	mua	56783	0
747	1445.90000000	100.00000000	mua	55.47048187	164	1700.00000000	15.87226798	good	40087	0
748	984.80000000	100.00000000	mua	43.96107864	171	1760.00000000	8.27407349	good	20897	0
749	2899.90000000	100.00000000	good	76.47579193	175	1800.00000000	0.04236617	mua	107	0
752	896.90000000	100.00000000	mua	43.79042053	173	1780.00000000	4.78222997	good	12078	0
753	2884.20000000	100.00000000	good	155.42807007	178	1840.00000000	0.06889452	mua	174	0
754	919.20000000	100.00000000	mua	42.22999573	176	1820.00000000	0.04909724	mua	124	0
755	910.60000000	100.00000000	mua	43.69474411	176	1820.00000000	0.04949319	mua	125	0
756	831.60000000	100.00000000	mua	40.69433975	177	1820.00000000	0.05899588	good	149	0
757	786.10000000	100.00000000	mua	40.48117828	176	1820.00000000	0.83425721	good	2107	0
758	1416.60000000	100.00000000	mua	77.55805969	183	1880.00000000	0.03999050	mua	101	0
759	820.90000000	100.00000000	mua	44.41809845	183	1880.00000000	0.12432689	good	314	0
760	1195.40000000	100.00000000	mua	65.54356384	186	1920.00000000	0.08433640	good	213	0
761	2148.10000000	100.00000000	good	82.11544800	189	1960.00000000	0.31715236	good	801	0
762	2820.50000000	100.00000000	mua	103.95634460	189	1960.00000000	0.07958505	good	201	0
769	1001.40000000	100.00000000	mua	53.58176422	193	2000.00000000	6.78492239	good	17136	0
770	809.20000000	100.00000000	mua	43.44471359	195	2020.00000000	2.11474501	good	5341	0
771	2424.90000000	100.00000000	mua	138.08020020	197	2040.00000000	1.59764016	good	4035	0
774	1572.30000000	100.00000000	good	68.93498993	209	2160.00000000	0.05107697	mua	129	0
776	1096.00000000	100.00000000	mua	56.87508011	201	2080.00000000	2.02367754	good	5111	0
779	1433.50000000	100.00000000	mua	63.52719498	209	2160.00000000	6.05123535	good	15283	0
780	3540.70000000	100.00000000	mua	103.21623230	213	2200.00000000	0.05741210	mua	145	0
781	1164.70000000	100.00000000	mua	51.01659393	213	2200.00000000	6.41352550	mua	16198	0
782	3681.80000000	100.00000000	good	123.85976410	220	2260.00000000	1.48083624	good	3740	0
785	1305.30000000	100.00000000	mua	59.30342102	217	2240.00000000	5.81525182	good	14687	0
786	2093.90000000	100.00000000	mua	71.54006195	220	2260.00000000	3.20319924	mua	8090	0
787	1538.80000000	100.00000000	mua	66.73387909	221	2280.00000000	7.25451378	good	18322	0
790	1157.70000000	100.00000000	mua	50.05562592	227	2340.00000000	18.05155211	good	45591	0
791	1601.30000000	100.00000000	mua	65.63916016	228	2360.00000000	24.74461514	good	62495	0
792	1458.60000000	100.00000000	mua	56.12107468	232	2400.00000000	17.52732024	good	44267	0
793	1472.50000000	100.00000000	mua	56.40499115	236	2440.00000000	16.14903389	good	40786	0
794	1031.50000000	100.00000000	mua	43.25345230	238	2460.00000000	20.19757681	good	51011	0
795	1019.70000000	100.00000000	mua	44.29726410	245	2520.00000000	14.43815331	good	36465	0
796	768.30000000	100.00000000	mua	35.47636032	249	2560.00000000	13.49144758	good	34074	0
798	3459.60000000	100.00000000	mua	110.41032410	252	2600.00000000	0.92572062	good	2338	0
801	943.10000000	100.00000000	mua	40.46494293	252	2600.00000000	10.60936015	good	26795	0
802	2707.50000000	100.00000000	mua	91.94667053	262	2700.00000000	0.16590117	good	419	0
803	1071.50000000	100.00000000	mua	44.22080612	258	2660.00000000	12.64927146	good	31947	0
804	2928.90000000	100.00000000	mua	97.16620636	262	2700.00000000	0.05978777	mua	151	0
805	1261.80000000	100.00000000	mua	52.66128540	259	2680.00000000	10.71270193	good	27056	0
806	2833.80000000	100.00000000	good	89.95151520	262	2700.00000000	0.37179284	good	939	0
807	1262.60000000	100.00000000	mua	48.17647552	263	2720.00000000	12.81794425	good	32373	0
810	1314.10000000	100.00000000	mua	51.26681137	268	2760.00000000	15.47196706	good	39076	0
811	3697.20000000	100.00000000	good	100.87387085	267	2760.00000000	0.05107697	good	129	0
812	961.70000000	100.00000000	mua	38.22181702	272	2800.00000000	14.33520748	good	36205	0
813	1119.30000000	100.00000000	mua	48.48173523	275	2840.00000000	7.27589484	good	18376	0
814	1232.90000000	100.00000000	mua	42.63084030	280	2880.00000000	0.09779854	mua	247	0
815	802.20000000	100.00000000	mua	36.99737549	280	2880.00000000	5.55392778	good	14027	0
816	1449.40000000	100.00000000	mua	74.74746704	279	2880.00000000	0.54957238	mua	1388	0
817	1817.80000000	100.00000000	mua	98.25527954	279	2880.00000000	0.07206208	good	182	0
818	754.30000000	100.00000000	mua	36.90695953	282	2900.00000000	2.34954070	good	5934	0
819	600.90000000	100.00000000	mua	31.39471054	288	2960.00000000	0.84811530	good	2142	0
822	788.20000000	100.00000000	mua	38.01758194	293	3020.00000000	0.05701615	mua	144	0
823	2611.10000000	100.00000000	mua	134.45625305	296	3060.00000000	0.17065252	mua	431	0
824	880.30000000	100.00000000	mua	35.74285126	300	3100.00000000	0.06810263	mua	172	0
825	846.10000000	100.00000000	mua	36.55868530	306	3160.00000000	0.06572696	mua	166	0
826	1321.30000000	100.00000000	mua	45.08915710	311	3200.00000000	0.03246753	mua	82	0
827	1559.30000000	100.00000000	mua	64.10300446	315	3240.00000000	0.04711752	mua	119	0
828	1019.60000000	100.00000000	mua	51.28107452	315	3240.00000000	0.04909724	mua	124	0
829	1468.70000000	100.00000000	mua	82.86972046	320	3300.00000000	10.19480519	good	25748	0
830	1701.00000000	100.00000000	mua	95.87107849	320	3300.00000000	1.93894520	good	4897	0
831	1643.30000000	100.00000000	mua	83.74667358	318	3280.00000000	0.07245803	mua	183	0
832	846.60000000	100.00000000	mua	38.58081055	322	3320.00000000	0.04157428	mua	105	0
834	1251.80000000	100.00000000	mua	59.55904770	327	3360.00000000	0.10571745	mua	267	0
835	1307.60000000	100.00000000	mua	59.17388153	330	3400.00000000	0.05701615	mua	144	0
836	1377.50000000	100.00000000	mua	62.51736069	328	3380.00000000	0.05345264	good	135	0
837	1249.60000000	100.00000000	mua	58.07944489	330	3400.00000000	0.06889452	mua	174	0
838	1675.20000000	100.00000000	mua	78.70283508	330	3400.00000000	0.18569845	mua	469	0
839	1259.00000000	100.00000000	mua	57.66156769	329	3380.00000000	0.85405448	mua	2157	0
840	1583.30000000	100.00000000	mua	71.76202393	334	3440.00000000	1.05163130	mua	2656	0
841	1258.30000000	100.00000000	mua	56.55382919	337	3480.00000000	2.76845106	mua	6992	0
842	1615.50000000	100.00000000	mua	71.91925049	342	3520.00000000	3.56113399	mua	8994	0
843	1404.60000000	100.00000000	mua	62.87122726	344	3540.00000000	2.82982262	mua	7147	0
844	1180.50000000	100.00000000	mua	52.74258804	348	3580.00000000	1.92271143	mua	4856	0
845	1280.90000000	100.00000000	mua	58.51488495	354	3640.00000000	1.66534685	mua	4206	0
846	1450.90000000	100.00000000	mua	68.42110443	358	3680.00000000	1.32483370	mua	3346	0
847	1042.80000000	100.00000000	mua	49.12683105	360	3700.00000000	1.17081090	mua	2957	0
848	1265.50000000	100.00000000	mua	57.65563965	367	3780.00000000	0.04632563	mua	117	0
849	1256.70000000	100.00000000	mua	56.96154785	367	3780.00000000	0.04276212	mua	108	0
850	1414.50000000	100.00000000	mua	64.99362183	367	3780.00000000	0.06612290	mua	167	0
851	1343.40000000	100.00000000	mua	63.33806610	367	3780.00000000	0.04434590	mua	112	0
852	1297.60000000	100.00000000	mua	60.70430756	365	3760.00000000	1.12092176	mua	2831	0
853	1323.90000000	100.00000000	mua	60.56136703	368	3780.00000000	0.07404181	mua	187	0
854	1206.30000000	100.00000000	good	54.43358612	371	3820.00000000	0.05107697	mua	129	0
855	1278.60000000	100.00000000	good	60.70027924	371	3820.00000000	0.07285398	mua	184	0
856	1328.50000000	100.00000000	mua	62.14274979	371	3820.00000000	0.14927146	mua	377	0
857	1715.20000000	100.00000000	mua	77.78057098	373	3840.00000000	0.42960089	mua	1085	0
858	11167.70000000	100.00000000	mua	115.65102386	28	300.00000000	0.19163763	mua	484	0
861	7619.30000000	100.00000000	good	104.32880402	14	160.00000000	0.31794425	good	803	0
862	7619.30000000	100.00000000	good	104.32880402	14	160.00000000	0.52185619	mua	1318	0
863	8842.50000000	100.00000000	good	118.87235260	79	820.00000000	3.10223313	good	7835	0
864	8842.50000000	100.00000000	good	118.87235260	79	820.00000000	0.00831486	mua	21	0
865	8721.20000000	100.00000000	good	117.76757812	84	880.00000000	0.04394995	mua	111	0
866	8721.20000000	100.00000000	good	117.76757812	84	880.00000000	1.71444409	good	4330	0
867	8496.20000000	100.00000000	good	105.47270203	14	160.00000000	1.01401647	good	2561	0
868	8496.20000000	100.00000000	good	105.47270203	14	160.00000000	0.00395946	mua	10	0
870	7030.00000000	100.00000000	good	99.99833679	39	420.00000000	0.00039595	mua	1	0
871	7030.00000000	100.00000000	good	99.99833679	39	420.00000000	0.73487488	good	1856	0
873	6583.30000000	100.00000000	mua	97.91925049	12	140.00000000	0.98234083	good	2481	0
874	5912.10000000	100.00000000	mua	79.52362061	13	140.00000000	1.25237567	good	3163	0
875	5912.10000000	100.00000000	mua	79.52362061	13	140.00000000	0.03523915	mua	89	0
876	5827.40000000	100.00000000	good	112.19193268	45	480.00000000	1.17595819	good	2970	0
877	4984.40000000	100.00000000	good	79.24457550	47	500.00000000	0.62361419	good	1575	0
879	4914.90000000	100.00000000	good	95.40058136	16	180.00000000	0.95066519	good	2401	0
880	4655.20000000	100.00000000	mua	121.76441956	30	320.00000000	0.22489705	good	568	0
881	4531.30000000	100.00000000	good	102.02703857	61	640.00000000	1.29434590	good	3269	0
882	4468.30000000	100.00000000	good	124.40493774	49	520.00000000	0.18094710	mua	457	0
884	4321.90000000	100.00000000	mua	96.19365692	30	320.00000000	0.00118784	mua	3	0
885	4321.90000000	100.00000000	mua	96.19365692	30	320.00000000	0.25419702	good	642	0
888	4306.70000000	100.00000000	mua	75.20903015	45	480.00000000	0.38604688	mua	975	0
889	4120.90000000	100.00000000	mua	87.01094818	82	860.00000000	0.08314856	good	210	0
893	3869.40000000	100.00000000	good	86.47501373	61	640.00000000	0.94235033	good	2380	0
895	3568.80000000	100.00000000	good	81.91649628	49	520.00000000	0.47355084	good	1196	0
899	2259.20000000	100.00000000	mua	112.29981995	56	580.00000000	0.00871080	mua	22	0
900	2259.20000000	100.00000000	mua	89.72994995	56	580.00000000	3.98954704	good	10076	0
904	2349.20000000	100.00000000	mua	100.69603729	53	560.00000000	0.19916060	good	503	0
905	2349.20000000	100.00000000	mua	95.05743408	53	560.00000000	2.09375990	mua	5288	0
908	2338.80000000	100.00000000	mua	92.00660706	63	660.00000000	0.29656319	mua	749	0
909	2059.00000000	100.00000000	mua	72.23267365	22	240.00000000	0.43395629	good	1096	0
910	2055.20000000	100.00000000	mua	78.07209778	30	320.00000000	0.00118784	mua	3	0
911	2055.20000000	100.00000000	mua	78.07209778	30	320.00000000	0.12591067	mua	318	0
913	1946.80000000	100.00000000	mua	73.61150360	253	2600.00000000	2.14523282	good	5418	0
915	1939.50000000	100.00000000	mua	69.97788239	58	600.00000000	0.25023757	mua	632	0
916	1913.30000000	100.00000000	mua	74.44892120	84	880.00000000	0.18055116	good	456	0
917	1913.30000000	100.00000000	mua	74.44892120	84	880.00000000	1.47925245	mua	3736	0
918	1900.80000000	100.00000000	mua	90.41398621	45	480.00000000	0.32784289	mua	828	0
919	1883.20000000	100.00000000	good	61.15729523	31	320.00000000	0.31952803	good	807	0
920	1881.90000000	100.00000000	mua	63.45386505	88	920.00000000	0.13739309	mua	347	0
921	1854.10000000	100.00000000	good	70.65848541	177	1820.00000000	0.48384542	good	1222	0
927	947.30000000	100.00000000	mua	50.21530151	189	1960.00000000	0.20034843	mua	506	0
928	947.30000000	100.00000000	mua	50.21530151	189	1960.00000000	1.53904023	mua	3887	0
929	632.40000000	100.00000000	mua	35.16634369	289	2980.00000000	0.19322141	good	488	0
932	5241.90000000	100.00000000	mua	114.44488525	62	640.00000000	0.24073487	good	608	0
933	5122.60000000	100.00000000	good	103.84354401	51	540.00000000	0.18688628	mua	472	0
935	5409.30000000	100.00000000	mua	122.04518890	267	2760.00000000	0.11917960	good	301	0
943	5266.20000000	100.00000000	mua	101.47987366	60	620.00000000	0.70161546	mua	1772	0
946	4097.10000000	100.00000000	mua	81.46236420	19	200.00000000	1.48439975	good	3749	0
949	4250.20000000	100.00000000	mua	106.49687958	26	280.00000000	1.37234717	good	3466	0
950	4232.10000000	100.00000000	mua	115.11987305	43	460.00000000	0.43474818	good	1098	0
951	4020.80000000	100.00000000	mua	81.92157745	85	880.00000000	0.13541337	mua	342	0
952	4004.20000000	100.00000000	mua	97.82084656	46	480.00000000	0.01227431	mua	31	0
953	4004.20000000	100.00000000	mua	97.82084656	46	480.00000000	2.10801394	good	5324	0
955	3620.10000000	100.00000000	mua	73.76779938	12	140.00000000	0.32190371	good	813	0
956	3354.50000000	100.00000000	mua	107.37285614	5	60.00000000	0.43078872	mua	1088	0
957	3353.30000000	100.00000000	mua	89.55908966	45	480.00000000	0.15362686	good	388	0
963	3766.70000000	100.00000000	good	88.32696533	47	500.00000000	1.61624960	good	4082	0
964	3311.10000000	100.00000000	mua	70.12273407	44	460.00000000	0.14768768	mua	373	0
970	3312.80000000	100.00000000	mua	85.28152466	43	460.00000000	1.17477035	good	2967	0
972	2755.00000000	100.00000000	good	120.32955170	33	340.00000000	0.48503326	mua	1225	0
977	2663.00000000	100.00000000	mua	81.16572571	36	380.00000000	5.05859994	good	12776	0
981	2660.80000000	100.00000000	mua	88.57546997	43	460.00000000	0.24865379	mua	628	0
982	2660.80000000	100.00000000	mua	79.22567749	43	460.00000000	0.02058917	mua	52	0
984	2445.00000000	100.00000000	mua	83.93856812	20	220.00000000	0.23677542	good	598	0
986	2439.70000000	100.00000000	good	83.22468567	87	900.00000000	0.00871080	mua	22	0
987	2439.70000000	100.00000000	good	77.35809326	87	900.00000000	0.10215394	good	258	0
989	2439.60000000	100.00000000	good	82.84140778	84	880.00000000	0.17777954	mua	449	0
990	2437.00000000	100.00000000	good	79.19477844	47	500.00000000	0.50245486	mua	1269	0
993	2436.10000000	100.00000000	good	69.38275146	13	140.00000000	3.44868546	good	8710	0
995	2426.50000000	100.00000000	mua	91.30261230	22	240.00000000	0.16867279	good	426	0
996	2426.50000000	100.00000000	mua	90.62069702	22	240.00000000	0.03563510	mua	90	0
1002	2514.50000000	100.00000000	good	81.20267487	20	220.00000000	0.83584099	good	2111	0
1004	2512.20000000	100.00000000	mua	73.69894409	43	460.00000000	0.34526449	good	872	0
1013	2265.10000000	100.00000000	mua	92.48550415	45	480.00000000	0.03048780	mua	77	0
1014	2265.10000000	100.00000000	mua	70.09083557	48	500.00000000	0.70676275	good	1785	0
1015	2256.60000000	100.00000000	good	93.81559753	46	480.00000000	0.11719987	good	296	0
1017	2256.60000000	100.00000000	good	93.81559753	46	480.00000000	0.06770668	mua	171	0
1018	2256.60000000	100.00000000	good	93.81559753	46	480.00000000	0.37258473	mua	941	0
1020	2244.10000000	100.00000000	mua	82.45095825	57	600.00000000	0.64816281	mua	1637	0
1021	2238.40000000	100.00000000	good	71.69255829	32	340.00000000	1.43847007	good	3633	0
1022	2229.70000000	100.00000000	mua	65.31906891	56	580.00000000	0.22529300	mua	569	0
1023	2192.60000000	100.00000000	mua	84.21018219	60	620.00000000	0.14847957	good	375	0
1024	2192.60000000	100.00000000	mua	84.21018219	60	620.00000000	0.04870130	mua	123	0
1026	2184.50000000	100.00000000	good	86.80767822	89	920.00000000	0.03088375	mua	78	0
1027	2184.50000000	100.00000000	good	86.80767822	89	920.00000000	0.17936332	good	453	0
1028	1782.20000000	100.00000000	good	70.83872223	52	540.00000000	1.54181185	good	3894	0
1031	1781.80000000	100.00000000	mua	80.87789917	30	320.00000000	0.23677542	good	598	0
1035	1203.60000000	100.00000000	mua	57.90737152	205	2120.00000000	3.85769718	good	9743	0
1036	1200.80000000	100.00000000	mua	47.60432816	48	500.00000000	0.30923345	mua	781	0
1037	4770.00000000	100.00000000	mua	115.22368622	3	40.00000000	0.24944568	mua	630	0
1038	3075.90000000	100.00000000	good	68.51105499	81	840.00000000	0.56145074	mua	1418	0
1039	4172.70000000	100.00000000	mua	83.96465302	58	600.00000000	0.21103896	mua	533	0
1041	3143.40000000	100.00000000	good	92.81060791	57	600.00000000	0.03840672	mua	97	0
1042	3143.40000000	100.00000000	good	99.09858704	57	600.00000000	2.76686728	good	6988	0
1043	2872.90000000	100.00000000	good	87.03730774	41	440.00000000	0.98313272	mua	2483	0
1046	3174.60000000	100.00000000	mua	92.65127563	43	460.00000000	0.51512512	good	1301	0
1047	3916.60000000	100.00000000	good	87.16143036	49	520.00000000	0.61015204	good	1541	0
1048	3778.70000000	100.00000000	mua	101.95001221	43	460.00000000	0.15283497	mua	386	0
1052	3628.40000000	100.00000000	mua	126.46803284	26	280.00000000	0.10175800	mua	257	0
1053	3628.40000000	100.00000000	mua	100.22465515	26	280.00000000	0.03167564	mua	80	0
1054	3628.40000000	100.00000000	mua	126.46803284	26	280.00000000	0.27320241	good	690	0
1056	3659.40000000	100.00000000	mua	98.48402405	13	140.00000000	0.36862528	good	931	0
1057	3659.40000000	100.00000000	mua	100.14620972	13	140.00000000	0.07166614	mua	181	0
1058	3518.50000000	100.00000000	mua	73.40883636	12	140.00000000	0.16233766	good	410	0
1061	3483.40000000	100.00000000	good	79.70909119	33	340.00000000	0.01346215	mua	34	0
1062	3483.40000000	100.00000000	good	79.70909119	33	340.00000000	0.12591067	good	318	0
1063	3483.40000000	100.00000000	good	79.70909119	33	340.00000000	0.83148559	good	2100	0
1064	3483.40000000	100.00000000	good	79.70909119	33	340.00000000	1.26346215	mua	3191	0
1068	2828.60000000	100.00000000	mua	83.78303528	25	260.00000000	3.30970858	good	8359	0
1073	2805.80000000	100.00000000	mua	91.30966187	30	320.00000000	0.48780488	good	1232	0
1074	2805.80000000	100.00000000	mua	99.31013489	30	320.00000000	3.11490339	mua	7867	0
1075	2797.80000000	100.00000000	good	97.77283478	21	220.00000000	1.30820399	good	3304	0
1076	2786.80000000	100.00000000	good	94.33220673	220	2260.00000000	0.30923345	good	781	0
1077	2397.50000000	100.00000000	good	81.90010834	33	340.00000000	0.28626861	mua	723	0
1082	2552.90000000	100.00000000	mua	74.25476837	41	440.00000000	0.59471017	good	1502	0
1085	2369.60000000	100.00000000	good	96.61557007	64	660.00000000	0.39040228	good	986	0
1086	2369.60000000	100.00000000	good	96.68774414	64	660.00000000	2.05614507	mua	5193	0
1087	2369.50000000	100.00000000	mua	106.23146057	44	460.00000000	2.24144758	good	5661	0
1089	1768.50000000	100.00000000	mua	77.57337952	41	440.00000000	0.27122268	mua	685	0
1090	1768.20000000	100.00000000	good	67.41491699	38	400.00000000	0.56026291	mua	1415	0
1091	1770.60000000	100.00000000	good	58.26036835	80	840.00000000	0.22450111	mua	567	0
1092	3546.80000000	100.00000000	mua	108.27661133	223	2300.00000000	1.59566044	good	4030	0
1093	3543.90000000	100.00000000	good	78.44398499	82	860.00000000	0.01544188	mua	39	0
1094	3543.90000000	100.00000000	good	78.44398499	82	860.00000000	0.61807095	good	1561	0
1095	3122.20000000	100.00000000	mua	79.66053772	45	480.00000000	0.17500792	mua	442	0
1098	3089.90000000	100.00000000	mua	96.91024780	55	580.00000000	0.34803611	mua	879	0
1099	3268.50000000	100.00000000	mua	116.48941040	62	640.00000000	0.29062401	good	734	0
1104	3267.00000000	100.00000000	mua	103.27410889	17	180.00000000	0.66518847	mua	1680	0
1105	3237.80000000	100.00000000	mua	88.61184692	84	880.00000000	0.28745645	mua	726	0
1107	3163.70000000	100.00000000	mua	88.45542908	21	220.00000000	0.43118467	good	1089	0
1108	3163.00000000	100.00000000	good	155.09689331	46	480.00000000	0.16392144	good	414	0
1109	3163.00000000	100.00000000	good	155.09689331	46	480.00000000	0.13224580	mua	334	0
1110	3155.90000000	100.00000000	mua	101.08480072	43	460.00000000	0.25538486	mua	645	0
1113	2915.10000000	100.00000000	mua	93.83250427	43	460.00000000	0.00593918	mua	15	0
1114	2915.10000000	100.00000000	mua	98.75176239	43	460.00000000	0.35595502	good	899	0
1115	2886.90000000	100.00000000	mua	99.56668854	20	220.00000000	0.26211593	good	662	0
1117	2867.50000000	100.00000000	mua	81.77217865	49	520.00000000	0.19361736	good	489	0
1118	2537.80000000	100.00000000	good	80.55913544	29	300.00000000	0.33061451	mua	835	0
1120	2530.90000000	100.00000000	mua	129.18898010	20	220.00000000	0.37694013	mua	952	0
1121	2530.90000000	100.00000000	mua	131.59759521	20	220.00000000	2.39507444	mua	6049	0
1122	2524.20000000	100.00000000	mua	83.45267487	6	80.00000000	0.16827685	good	425	0
1126	2477.20000000	100.00000000	good	55.38586426	44	460.00000000	0.01346215	mua	34	0
1127	2477.20000000	100.00000000	good	55.63440704	44	460.00000000	2.04189104	good	5157	0
1128	2115.50000000	100.00000000	mua	96.69332886	57	600.00000000	0.16827685	mua	425	0
1129	1963.60000000	100.00000000	mua	71.53884888	31	320.00000000	0.20074438	good	507	0
1130	1789.20000000	100.00000000	good	55.45885086	82	860.00000000	0.23083624	mua	583	0
1131	1789.20000000	100.00000000	good	55.45885086	82	860.00000000	3.67516630	mua	9282	0
1132	1610.00000000	100.00000000	mua	79.03642273	64	660.00000000	0.07364587	mua	186	0
1134	1610.00000000	100.00000000	mua	79.03642273	64	660.00000000	0.16906874	good	427	0
1135	1610.00000000	100.00000000	mua	79.03642273	64	660.00000000	2.77993348	mua	7021	0
1136	1300.10000000	100.00000000	good	52.69272614	89	920.00000000	0.46761166	mua	1181	0
1137	1279.00000000	100.00000000	mua	52.92081070	16	180.00000000	0.17698765	good	447	0
1139	1279.00000000	100.00000000	mua	52.92081070	16	180.00000000	0.01267026	mua	32	0
1140	1279.00000000	100.00000000	mua	52.92081070	16	180.00000000	10.32229965	good	26070	0
1141	1435.80000000	100.00000000	mua	67.55989838	45	480.00000000	0.16946468	good	428	0
1142	1435.80000000	100.00000000	mua	67.55989838	45	480.00000000	2.05654102	mua	5194	0
1143	3123.20000000	100.00000000	good	89.61924744	14	160.00000000	1.09835287	good	2774	0
1147	3133.50000000	100.00000000	good	70.64183807	53	560.00000000	1.74493190	good	4407	0
1148	3133.50000000	100.00000000	good	70.64183807	53	560.00000000	1.72236300	good	4350	0
1149	3408.10000000	100.00000000	mua	87.33885193	28	300.00000000	0.38525499	good	973	0
1150	3408.10000000	100.00000000	mua	87.33885193	28	300.00000000	2.10049097	good	5305	0
